StudentID,Revenue_sum,InvoiceNo_nunique,avg_order_value,days_active,Quantity_sum,ClusterID,Recommendation,Recommendation_Details
STU0001,312.6458966531098,134,90.37031441217223,128,373,0,Foundational Learning Path,"{""primary_focus"": ""Build strong fundamentals"", ""suggested_courses"": [""Introduction to Core Concepts"", ""Basic Skills Workshop""], ""engagement_strategy"": ""Weekly check-ins and progress tracking"", ""resources"": ""Starter course bundle with mentor support"", ""timeline"": ""3-6 months""}"
STU0002,120.61498716354942,21,266.3965609723486,37,893,0,Foundational Learning Path,"{""primary_focus"": ""Build strong fundamentals"", ""suggested_courses"": [""Introduction to Core Concepts"", ""Basic Skills Workshop""], ""engagement_strategy"": ""Weekly check-ins and progress tracking"", ""resources"": ""Starter course bundle with mentor support"", ""timeline"": ""3-6 months""}"
STU0003,392.1062335976148,108,131.94947476377337,211,1758,1,Intermediate Skill Development,"{""primary_focus"": ""Expand knowledge and apply skills"", ""suggested_courses"": [""Advanced Techniques"", ""Project-Based Learning""], ""engagement_strategy"": ""Bi-weekly reviews and peer collaboration"", ""resources"": ""Intermediate course package with community access"", ""timeline"": ""4-8 months""}"
STU0004,1457.5974610180183,141,299.02660026885553,48,179,0,Foundational Learning Path,"{""primary_focus"": ""Build strong fundamentals"", ""suggested_courses"": [""Introduction to Core Concepts"", ""Basic Skills Workshop""], ""engagement_strategy"": ""Weekly check-ins and progress tracking"", ""resources"": ""Starter course bundle with mentor support"", ""timeline"": ""3-6 months""}"
STU0005,104.45641864056283,47,434.30649055472185,282,1484,0,Foundational Learning Path,"{""primary_focus"": ""Build strong fundamentals"", ""suggested_courses"": [""Introduction to Core Concepts"", ""Basic Skills Workshop""], ""engagement_strategy"": ""Weekly check-ins and progress tracking"", ""resources"": ""Starter course bundle with mentor support"", ""timeline"": ""3-6 months""}"
STU0006,104.45899108507352,43,442.5727849464401,240,144,1,Intermediate Skill Development,"{""primary_focus"": ""Expand knowledge and apply skills"", ""suggested_courses"": [""Advanced Techniques"", ""Project-Based Learning""], ""engagement_strategy"": ""Bi-weekly reviews and peer collaboration"", ""resources"": ""Intermediate course package with community access"", ""timeline"": ""4-8 months""}"
STU0007,1585.7602483342994,30,133.6088929673978,95,676,0,Foundational Learning Path,"{""primary_focus"": ""Build strong fundamentals"", ""suggested_courses"": [""Introduction to Core Concepts"", ""Basic Skills Workshop""], ""engagement_strategy"": ""Weekly check-ins and progress tracking"", ""resources"": ""Starter course bundle with mentor support"", ""timeline"": ""3-6 months""}"
STU0008,469.257704333039,103,455.69297904730223,135,804,1,Intermediate Skill Development,"{""primary_focus"": ""Expand knowledge and apply skills"", ""suggested_courses"": [""Advanced Techniques"", ""Project-Based Learning""], ""engagement_strategy"": ""Bi-weekly reviews and peer collaboration"", ""resources"": ""Intermediate course package with community access"", ""timeline"": ""4-8 months""}"
STU0009,73.39005390795447,54,304.1065946342165,309,1365,0,Foundational Learning Path,"{""primary_focus"": ""Build strong fundamentals"", ""suggested_courses"": [""Introduction to Core Concepts"", ""Basic Skills Workshop""], ""engagement_strategy"": ""Weekly check-ins and progress tracking"", ""resources"": ""Starter course bundle with mentor support"", ""timeline"": ""3-6 months""}"
STU0010,334.9027078712836,17,188.1047584161505,34,843,0,Foundational Learning Path,"{""primary_focus"": ""Build strong fundamentals"", ""suggested_courses"": [""Introduction to Core Concepts"", ""Basic Skills Workshop""], ""engagement_strategy"": ""Weekly check-ins and progress tracking"", ""resources"": ""Starter course bundle with mentor support"", ""timeline"": ""3-6 months""}"
STU0011,74.05984338517554,64,359.92697387993593,154,1884,0,Foundational Learning Path,"{""primary_focus"": ""Build strong fundamentals"", ""suggested_courses"": [""Introduction to Core Concepts"", ""Basic Skills Workshop""], ""engagement_strategy"": ""Weekly check-ins and progress tracking"", ""resources"": ""Starter course bundle with mentor support"", ""timeline"": ""3-6 months""}"
STU0012,73.80344196748092,139,251.20015422277535,22,1356,1,Intermediate Skill Development,"{""primary_focus"": ""Expand knowledge and apply skills"", ""suggested_courses"": [""Advanced Techniques"", ""Project-Based Learning""], ""engagement_strategy"": ""Bi-weekly reviews and peer collaboration"", ""resources"": ""Intermediate course package with community access"", ""timeline"": ""4-8 months""}"
STU0013,213.35200501192546,61,201.43404325868215,221,118,2,Advanced Mastery Program,"{""primary_focus"": ""Achieve expertise and specialization"", ""suggested_courses"": [""Expert-Level Certification"", ""Specialization Track""], ""engagement_strategy"": ""Monthly mentorship and leadership opportunities"", ""resources"": ""Premium course suite with exclusive content"", ""timeline"": ""6-12 months""}"
STU0014,8.415536939322669,40,358.44049486239675,34,1733,2,Advanced Mastery Program,"{""primary_focus"": ""Achieve expertise and specialization"", ""suggested_courses"": [""Expert-Level Certification"", ""Specialization Track""], ""engagement_strategy"": ""Monthly mentorship and leadership opportunities"", ""resources"": ""Premium course suite with exclusive content"", ""timeline"": ""6-12 months""}"
STU0015,11.163206664740667,24,139.3875941265382,77,60,0,Foundational Learning Path,"{""primary_focus"": ""Build strong fundamentals"", ""suggested_courses"": [""Introduction to Core Concepts"", ""Basic Skills Workshop""], ""engagement_strategy"": ""Weekly check-ins and progress tracking"", ""resources"": ""Starter course bundle with mentor support"", ""timeline"": ""3-6 months""}"
STU0016,63.85205112863527,69,178.5212139291673,76,1327,1,Intermediate Skill Development,"{""primary_focus"": ""Expand knowledge and apply skills"", ""suggested_courses"": [""Advanced Techniques"", ""Project-Based Learning""], ""engagement_strategy"": ""Bi-weekly reviews and peer collaboration"", ""resources"": ""Intermediate course package with community access"", ""timeline"": ""4-8 months""}"
STU0017,32.48418383001639,12,228.53688535437024,242,1915,0,Foundational Learning Path,"{""primary_focus"": ""Build strong fundamentals"", ""suggested_courses"": [""Introduction to Core Concepts"", ""Basic Skills Workshop""], ""engagement_strategy"": ""Weekly check-ins and progress tracking"", ""resources"": ""Starter course bundle with mentor support"", ""timeline"": ""3-6 months""}"
STU0018,237.7859736941728,148,141.7674434591066,118,921,0,Foundational Learning Path,"{""primary_focus"": ""Build strong fundamentals"", ""suggested_courses"": [""Introduction to Core Concepts"", ""Basic Skills Workshop""], ""engagement_strategy"": ""Weekly check-ins and progress tracking"", ""resources"": ""Starter course bundle with mentor support"", ""timeline"": ""3-6 months""}"
STU0019,38.01435633690559,146,214.49700165508023,155,599,2,Advanced Mastery Program,"{""primary_focus"": ""Achieve expertise and specialization"", ""suggested_courses"": [""Expert-Level Certification"", ""Specialization Track""], ""engagement_strategy"": ""Monthly mentorship and leadership opportunities"", ""resources"": ""Premium course suite with exclusive content"", ""timeline"": ""6-12 months""}"
STU0020,17.841807655453405,119,294.3070520984051,120,1207,0,Foundational Learning Path,"{""primary_focus"": ""Build strong fundamentals"", ""suggested_courses"": [""Introduction to Core Concepts"", ""Basic Skills Workshop""], ""engagement_strategy"": ""Weekly check-ins and progress tracking"", ""resources"": ""Starter course bundle with mentor support"", ""timeline"": ""3-6 months""}"
STU0021,1337.3872195489707,147,375.6674532371208,237,761,0,Foundational Learning Path,"{""primary_focus"": ""Build strong fundamentals"", ""suggested_courses"": [""Introduction to Core Concepts"", ""Basic Skills Workshop""], ""engagement_strategy"": ""Weekly check-ins and progress tracking"", ""resources"": ""Starter course bundle with mentor support"", ""timeline"": ""3-6 months""}"
STU0022,105.77725860215503,96,388.2535294921144,120,72,0,Foundational Learning Path,"{""primary_focus"": ""Build strong fundamentals"", ""suggested_courses"": [""Introduction to Core Concepts"", ""Basic Skills Workshop""], ""engagement_strategy"": ""Weekly check-ins and progress tracking"", ""resources"": ""Starter course bundle with mentor support"", ""timeline"": ""3-6 months""}"
STU0023,164.2340109861126,102,414.9393689008127,43,864,0,Foundational Learning Path,"{""primary_focus"": ""Build strong fundamentals"", ""suggested_courses"": [""Introduction to Core Concepts"", ""Basic Skills Workshop""], ""engagement_strategy"": ""Weekly check-ins and progress tracking"", ""resources"": ""Starter course bundle with mentor support"", ""timeline"": ""3-6 months""}"
STU0024,17.511848705015996,70,377.221595332783,120,395,0,Foundational Learning Path,"{""primary_focus"": ""Build strong fundamentals"", ""suggested_courses"": [""Introduction to Core Concepts"", ""Basic Skills Workshop""], ""engagement_strategy"": ""Weekly check-ins and progress tracking"", ""resources"": ""Starter course bundle with mentor support"", ""timeline"": ""3-6 months""}"
STU0025,65.5901749882261,36,346.8989250065163,273,351,1,Intermediate Skill Development,"{""primary_focus"": ""Expand knowledge and apply skills"", ""suggested_courses"": [""Advanced Techniques"", ""Project-Based Learning""], ""engagement_strategy"": ""Bi-weekly reviews and peer collaboration"", ""resources"": ""Intermediate course package with community access"", ""timeline"": ""4-8 months""}"
STU0026,175.2798578966332,90,134.00310622038558,245,412,1,Intermediate Skill Development,"{""primary_focus"": ""Expand knowledge and apply skills"", ""suggested_courses"": [""Advanced Techniques"", ""Project-Based Learning""], ""engagement_strategy"": ""Bi-weekly reviews and peer collaboration"", ""resources"": ""Intermediate course package with community access"", ""timeline"": ""4-8 months""}"
STU0027,26.40384474599317,55,212.10698857857193,92,445,2,Advanced Mastery Program,"{""primary_focus"": ""Achieve expertise and specialization"", ""suggested_courses"": [""Expert-Level Certification"", ""Specialization Track""], ""engagement_strategy"": ""Monthly mentorship and leadership opportunities"", ""resources"": ""Premium course suite with exclusive content"", ""timeline"": ""6-12 months""}"
STU0028,260.74607147560545,67,249.30314762250927,51,267,2,Advanced Mastery Program,"{""primary_focus"": ""Achieve expertise and specialization"", ""suggested_courses"": [""Expert-Level Certification"", ""Specialization Track""], ""engagement_strategy"": ""Monthly mentorship and leadership opportunities"", ""resources"": ""Premium course suite with exclusive content"", ""timeline"": ""6-12 months""}"
STU0029,60.282507179529816,129,59.78783441281003,110,190,0,Foundational Learning Path,"{""primary_focus"": ""Build strong fundamentals"", ""suggested_courses"": [""Introduction to Core Concepts"", ""Basic Skills Workshop""], ""engagement_strategy"": ""Weekly check-ins and progress tracking"", ""resources"": ""Starter course bundle with mentor support"", ""timeline"": ""3-6 months""}"
STU0030,95.81884478716024,62,273.6176582226604,15,1689,0,Foundational Learning Path,"{""primary_focus"": ""Build strong fundamentals"", ""suggested_courses"": [""Introduction to Core Concepts"", ""Basic Skills Workshop""], ""engagement_strategy"": ""Weekly check-ins and progress tracking"", ""resources"": ""Starter course bundle with mentor support"", ""timeline"": ""3-6 months""}"
STU0031,60.18601893009502,62,229.44119917114688,189,1007,0,Foundational Learning Path,"{""primary_focus"": ""Build strong fundamentals"", ""suggested_courses"": [""Introduction to Core Concepts"", ""Basic Skills Workshop""], ""engagement_strategy"": ""Weekly check-ins and progress tracking"", ""resources"": ""Starter course bundle with mentor support"", ""timeline"": ""3-6 months""}"
STU0032,2388.491506350003,90,405.01243953283233,291,1283,1,Intermediate Skill Development,"{""primary_focus"": ""Expand knowledge and apply skills"", ""suggested_courses"": [""Advanced Techniques"", ""Project-Based Learning""], ""engagement_strategy"": ""Bi-weekly reviews and peer collaboration"", ""resources"": ""Intermediate course package with community access"", ""timeline"": ""4-8 months""}"
STU0033,145.43862304807217,53,489.39232100205,329,1034,0,Foundational Learning Path,"{""primary_focus"": ""Build strong fundamentals"", ""suggested_courses"": [""Introduction to Core Concepts"", ""Basic Skills Workshop""], ""engagement_strategy"": ""Weekly check-ins and progress tracking"", ""resources"": ""Starter course bundle with mentor support"", ""timeline"": ""3-6 months""}"
STU0034,30.369341813565207,74,286.88241854844057,235,1042,1,Intermediate Skill Development,"{""primary_focus"": ""Expand knowledge and apply skills"", ""suggested_courses"": [""Advanced Techniques"", ""Project-Based Learning""], ""engagement_strategy"": ""Bi-weekly reviews and peer collaboration"", ""resources"": ""Intermediate course package with community access"", ""timeline"": ""4-8 months""}"
STU0035,509.6974774034813,19,174.88946637324017,324,1696,1,Intermediate Skill Development,"{""primary_focus"": ""Expand knowledge and apply skills"", ""suggested_courses"": [""Advanced Techniques"", ""Project-Based Learning""], ""engagement_strategy"": ""Bi-weekly reviews and peer collaboration"", ""resources"": ""Intermediate course package with community access"", ""timeline"": ""4-8 months""}"
STU0036,23.77737563613138,58,40.83237598312293,238,1689,1,Intermediate Skill Development,"{""primary_focus"": ""Expand knowledge and apply skills"", ""suggested_courses"": [""Advanced Techniques"", ""Project-Based Learning""], ""engagement_strategy"": ""Bi-weekly reviews and peer collaboration"", ""resources"": ""Intermediate course package with community access"", ""timeline"": ""4-8 months""}"
STU0037,203.01815174495823,105,463.8287985073261,298,877,1,Intermediate Skill Development,"{""primary_focus"": ""Expand knowledge and apply skills"", ""suggested_courses"": [""Advanced Techniques"", ""Project-Based Learning""], ""engagement_strategy"": ""Bi-weekly reviews and peer collaboration"", ""resources"": ""Intermediate course package with community access"", ""timeline"": ""4-8 months""}"
STU0038,7.849853068105366,12,461.17554333375654,159,732,0,Foundational Learning Path,"{""primary_focus"": ""Build strong fundamentals"", ""suggested_courses"": [""Introduction to Core Concepts"", ""Basic Skills Workshop""], ""engagement_strategy"": ""Weekly check-ins and progress tracking"", ""resources"": ""Starter course bundle with mentor support"", ""timeline"": ""3-6 months""}"
STU0039,20.241216100930398,57,141.43528063483575,286,1533,2,Advanced Mastery Program,"{""primary_focus"": ""Achieve expertise and specialization"", ""suggested_courses"": [""Expert-Level Certification"", ""Specialization Track""], ""engagement_strategy"": ""Monthly mentorship and leadership opportunities"", ""resources"": ""Premium course suite with exclusive content"", ""timeline"": ""6-12 months""}"
STU0040,199.3958119014069,64,353.7973390911908,207,1053,1,Intermediate Skill Development,"{""primary_focus"": ""Expand knowledge and apply skills"", ""suggested_courses"": [""Advanced Techniques"", ""Project-Based Learning""], ""engagement_strategy"": ""Bi-weekly reviews and peer collaboration"", ""resources"": ""Intermediate course package with community access"", ""timeline"": ""4-8 months""}"
STU0041,449.30406794332424,112,56.20858260308925,79,405,0,Foundational Learning Path,"{""primary_focus"": ""Build strong fundamentals"", ""suggested_courses"": [""Introduction to Core Concepts"", ""Basic Skills Workshop""], ""engagement_strategy"": ""Weekly check-ins and progress tracking"", ""resources"": ""Starter course bundle with mentor support"", ""timeline"": ""3-6 months""}"
STU0042,191.91497238626883,9,99.7834073164414,121,1057,2,Advanced Mastery Program,"{""primary_focus"": ""Achieve expertise and specialization"", ""suggested_courses"": [""Expert-Level Certification"", ""Specialization Track""], ""engagement_strategy"": ""Monthly mentorship and leadership opportunities"", ""resources"": ""Premium course suite with exclusive content"", ""timeline"": ""6-12 months""}"
STU0043,124.77692916892033,107,124.06837116151578,13,1397,1,Intermediate Skill Development,"{""primary_focus"": ""Expand knowledge and apply skills"", ""suggested_courses"": [""Advanced Techniques"", ""Project-Based Learning""], ""engagement_strategy"": ""Bi-weekly reviews and peer collaboration"", ""resources"": ""Intermediate course package with community access"", ""timeline"": ""4-8 months""}"
STU0044,94.47586987127869,10,161.35709448292633,359,1206,2,Advanced Mastery Program,"{""primary_focus"": ""Achieve expertise and specialization"", ""suggested_courses"": [""Expert-Level Certification"", ""Specialization Track""], ""engagement_strategy"": ""Monthly mentorship and leadership opportunities"", ""resources"": ""Premium course suite with exclusive content"", ""timeline"": ""6-12 months""}"
STU0045,16.154796693389375,113,497.99906001409795,340,937,1,Intermediate Skill Development,"{""primary_focus"": ""Expand knowledge and apply skills"", ""suggested_courses"": [""Advanced Techniques"", ""Project-Based Learning""], ""engagement_strategy"": ""Bi-weekly reviews and peer collaboration"", ""resources"": ""Intermediate course package with community access"", ""timeline"": ""4-8 months""}"
STU0046,50.412224103650985,120,354.5240268146311,327,1878,1,Intermediate Skill Development,"{""primary_focus"": ""Expand knowledge and apply skills"", ""suggested_courses"": [""Advanced Techniques"", ""Project-Based Learning""], ""engagement_strategy"": ""Bi-weekly reviews and peer collaboration"", ""resources"": ""Intermediate course package with community access"", ""timeline"": ""4-8 months""}"
STU0047,74.36919746614099,98,204.41687906202557,359,1913,0,Foundational Learning Path,"{""primary_focus"": ""Build strong fundamentals"", ""suggested_courses"": [""Introduction to Core Concepts"", ""Basic Skills Workshop""], ""engagement_strategy"": ""Weekly check-ins and progress tracking"", ""resources"": ""Starter course bundle with mentor support"", ""timeline"": ""3-6 months""}"
STU0048,724.646057668233,51,373.8083388046492,104,176,0,Foundational Learning Path,"{""primary_focus"": ""Build strong fundamentals"", ""suggested_courses"": [""Introduction to Core Concepts"", ""Basic Skills Workshop""], ""engagement_strategy"": ""Weekly check-ins and progress tracking"", ""resources"": ""Starter course bundle with mentor support"", ""timeline"": ""3-6 months""}"
STU0049,248.496170350288,103,459.32208400117105,161,1179,1,Intermediate Skill Development,"{""primary_focus"": ""Expand knowledge and apply skills"", ""suggested_courses"": [""Advanced Techniques"", ""Project-Based Learning""], ""engagement_strategy"": ""Bi-weekly reviews and peer collaboration"", ""resources"": ""Intermediate course package with community access"", ""timeline"": ""4-8 months""}"
STU0050,10.542764201705836,59,480.17715555576615,320,1058,1,Intermediate Skill Development,"{""primary_focus"": ""Expand knowledge and apply skills"", ""suggested_courses"": [""Advanced Techniques"", ""Project-Based Learning""], ""engagement_strategy"": ""Bi-weekly reviews and peer collaboration"", ""resources"": ""Intermediate course package with community access"", ""timeline"": ""4-8 months""}"
STU0051,241.3205068979298,56,47.774670923699546,146,653,0,Foundational Learning Path,"{""primary_focus"": ""Build strong fundamentals"", ""suggested_courses"": [""Introduction to Core Concepts"", ""Basic Skills Workshop""], ""engagement_strategy"": ""Weekly check-ins and progress tracking"", ""resources"": ""Starter course bundle with mentor support"", ""timeline"": ""3-6 months""}"
STU0052,83.29400513161458,148,209.37046333190233,256,1872,0,Foundational Learning Path,"{""primary_focus"": ""Build strong fundamentals"", ""suggested_courses"": [""Introduction to Core Concepts"", ""Basic Skills Workshop""], ""engagement_strategy"": ""Weekly check-ins and progress tracking"", ""resources"": ""Starter course bundle with mentor support"", ""timeline"": ""3-6 months""}"
STU0053,53.76469363169662,17,71.24291164922451,252,1451,2,Advanced Mastery Program,"{""primary_focus"": ""Achieve expertise and specialization"", ""suggested_courses"": [""Expert-Level Certification"", ""Specialization Track""], ""engagement_strategy"": ""Monthly mentorship and leadership opportunities"", ""resources"": ""Premium course suite with exclusive content"", ""timeline"": ""6-12 months""}"
STU0054,371.4872091421475,118,181.11683110254233,40,1978,2,Advanced Mastery Program,"{""primary_focus"": ""Achieve expertise and specialization"", ""suggested_courses"": [""Expert-Level Certification"", ""Specialization Track""], ""engagement_strategy"": ""Monthly mentorship and leadership opportunities"", ""resources"": ""Premium course suite with exclusive content"", ""timeline"": ""6-12 months""}"
STU0055,696.8005979979423,128,101.44635386987146,49,1063,1,Intermediate Skill Development,"{""primary_focus"": ""Expand knowledge and apply skills"", ""suggested_courses"": [""Advanced Techniques"", ""Project-Based Learning""], ""engagement_strategy"": ""Bi-weekly reviews and peer collaboration"", ""resources"": ""Intermediate course package with community access"", ""timeline"": ""4-8 months""}"
STU0056,599.9943141018325,110,330.48721360098745,238,100,0,Foundational Learning Path,"{""primary_focus"": ""Build strong fundamentals"", ""suggested_courses"": [""Introduction to Core Concepts"", ""Basic Skills Workshop""], ""engagement_strategy"": ""Weekly check-ins and progress tracking"", ""resources"": ""Starter course bundle with mentor support"", ""timeline"": ""3-6 months""}"
STU0057,42.14743022311072,149,206.36882431513865,45,1102,0,Foundational Learning Path,"{""primary_focus"": ""Build strong fundamentals"", ""suggested_courses"": [""Introduction to Core Concepts"", ""Basic Skills Workshop""], ""engagement_strategy"": ""Weekly check-ins and progress tracking"", ""resources"": ""Starter course bundle with mentor support"", ""timeline"": ""3-6 months""}"
STU0058,93.33371802818307,124,130.10947793837585,232,1535,0,Foundational Learning Path,"{""primary_focus"": ""Build strong fundamentals"", ""suggested_courses"": [""Introduction to Core Concepts"", ""Basic Skills Workshop""], ""engagement_strategy"": ""Weekly check-ins and progress tracking"", ""resources"": ""Starter course bundle with mentor support"", ""timeline"": ""3-6 months""}"
STU0059,243.93337801908208,67,147.65020398283468,15,1369,2,Advanced Mastery Program,"{""primary_focus"": ""Achieve expertise and specialization"", ""suggested_courses"": [""Expert-Level Certification"", ""Specialization Track""], ""engagement_strategy"": ""Monthly mentorship and leadership opportunities"", ""resources"": ""Premium course suite with exclusive content"", ""timeline"": ""6-12 months""}"
STU0060,641.1847844712813,23,192.96564569852876,331,1370,0,Foundational Learning Path,"{""primary_focus"": ""Build strong fundamentals"", ""suggested_courses"": [""Introduction to Core Concepts"", ""Basic Skills Workshop""], ""engagement_strategy"": ""Weekly check-ins and progress tracking"", ""resources"": ""Starter course bundle with mentor support"", ""timeline"": ""3-6 months""}"
STU0061,72.32997557928957,96,144.7759341700461,229,1799,1,Intermediate Skill Development,"{""primary_focus"": ""Expand knowledge and apply skills"", ""suggested_courses"": [""Advanced Techniques"", ""Project-Based Learning""], ""engagement_strategy"": ""Bi-weekly reviews and peer collaboration"", ""resources"": ""Intermediate course package with community access"", ""timeline"": ""4-8 months""}"
STU0062,112.33792711020925,62,237.5556064778389,84,828,0,Foundational Learning Path,"{""primary_focus"": ""Build strong fundamentals"", ""suggested_courses"": [""Introduction to Core Concepts"", ""Basic Skills Workshop""], ""engagement_strategy"": ""Weekly check-ins and progress tracking"", ""resources"": ""Starter course bundle with mentor support"", ""timeline"": ""3-6 months""}"
STU0063,28.233170314567193,94,35.51165653263222,13,1480,1,Intermediate Skill Development,"{""primary_focus"": ""Expand knowledge and apply skills"", ""suggested_courses"": [""Advanced Techniques"", ""Project-Based Learning""], ""engagement_strategy"": ""Bi-weekly reviews and peer collaboration"", ""resources"": ""Intermediate course package with community access"", ""timeline"": ""4-8 months""}"
STU0064,24.672519758115225,121,154.28648344109394,344,1842,1,Intermediate Skill Development,"{""primary_focus"": ""Expand knowledge and apply skills"", ""suggested_courses"": [""Advanced Techniques"", ""Project-Based Learning""], ""engagement_strategy"": ""Bi-weekly reviews and peer collaboration"", ""resources"": ""Intermediate course package with community access"", ""timeline"": ""4-8 months""}"
STU0065,502.09469310752047,66,217.3792260186494,143,863,2,Advanced Mastery Program,"{""primary_focus"": ""Achieve expertise and specialization"", ""suggested_courses"": [""Expert-Level Certification"", ""Specialization Track""], ""engagement_strategy"": ""Monthly mentorship and leadership opportunities"", ""resources"": ""Premium course suite with exclusive content"", ""timeline"": ""6-12 months""}"
STU0066,1134.9683486290642,27,309.3353033711833,127,1686,0,Foundational Learning Path,"{""primary_focus"": ""Build strong fundamentals"", ""suggested_courses"": [""Introduction to Core Concepts"", ""Basic Skills Workshop""], ""engagement_strategy"": ""Weekly check-ins and progress tracking"", ""resources"": ""Starter course bundle with mentor support"", ""timeline"": ""3-6 months""}"
STU0067,133.21772470768605,131,150.05966840726234,103,1478,0,Foundational Learning Path,"{""primary_focus"": ""Build strong fundamentals"", ""suggested_courses"": [""Introduction to Core Concepts"", ""Basic Skills Workshop""], ""engagement_strategy"": ""Weekly check-ins and progress tracking"", ""resources"": ""Starter course bundle with mentor support"", ""timeline"": ""3-6 months""}"
STU0068,668.675805385928,141,83.92886010739986,71,1419,0,Foundational Learning Path,"{""primary_focus"": ""Build strong fundamentals"", ""suggested_courses"": [""Introduction to Core Concepts"", ""Basic Skills Workshop""], ""engagement_strategy"": ""Weekly check-ins and progress tracking"", ""resources"": ""Starter course bundle with mentor support"", ""timeline"": ""3-6 months""}"
STU0069,255.30375633925453,144,56.57618220759831,203,1695,2,Advanced Mastery Program,"{""primary_focus"": ""Achieve expertise and specialization"", ""suggested_courses"": [""Expert-Level Certification"", ""Specialization Track""], ""engagement_strategy"": ""Monthly mentorship and leadership opportunities"", ""resources"": ""Premium course suite with exclusive content"", ""timeline"": ""6-12 months""}"
STU0070,56.39160884505731,133,471.455277024984,344,469,2,Advanced Mastery Program,"{""primary_focus"": ""Achieve expertise and specialization"", ""suggested_courses"": [""Expert-Level Certification"", ""Specialization Track""], ""engagement_strategy"": ""Monthly mentorship and leadership opportunities"", ""resources"": ""Premium course suite with exclusive content"", ""timeline"": ""6-12 months""}"
STU0071,255.21170292164192,62,219.98674771447003,212,1255,1,Intermediate Skill Development,"{""primary_focus"": ""Expand knowledge and apply skills"", ""suggested_courses"": [""Advanced Techniques"", ""Project-Based Learning""], ""engagement_strategy"": ""Bi-weekly reviews and peer collaboration"", ""resources"": ""Intermediate course package with community access"", ""timeline"": ""4-8 months""}"
STU0072,1490.7801457977207,126,298.9580581667966,35,1032,1,Intermediate Skill Development,"{""primary_focus"": ""Expand knowledge and apply skills"", ""suggested_courses"": [""Advanced Techniques"", ""Project-Based Learning""], ""engagement_strategy"": ""Bi-weekly reviews and peer collaboration"", ""resources"": ""Intermediate course package with community access"", ""timeline"": ""4-8 months""}"
STU0073,140.64808807304345,5,461.2047448810686,182,874,1,Intermediate Skill Development,"{""primary_focus"": ""Expand knowledge and apply skills"", ""suggested_courses"": [""Advanced Techniques"", ""Project-Based Learning""], ""engagement_strategy"": ""Bi-weekly reviews and peer collaboration"", ""resources"": ""Intermediate course package with community access"", ""timeline"": ""4-8 months""}"
STU0074,1551.4813818519494,38,59.719241616946945,309,1074,0,Foundational Learning Path,"{""primary_focus"": ""Build strong fundamentals"", ""suggested_courses"": [""Introduction to Core Concepts"", ""Basic Skills Workshop""], ""engagement_strategy"": ""Weekly check-ins and progress tracking"", ""resources"": ""Starter course bundle with mentor support"", ""timeline"": ""3-6 months""}"
STU0075,2.9164943905662852,100,440.7975132443805,142,1904,2,Advanced Mastery Program,"{""primary_focus"": ""Achieve expertise and specialization"", ""suggested_courses"": [""Expert-Level Certification"", ""Specialization Track""], ""engagement_strategy"": ""Monthly mentorship and leadership opportunities"", ""resources"": ""Premium course suite with exclusive content"", ""timeline"": ""6-12 months""}"
STU0076,509.2065635689861,130,284.7621788211536,335,616,1,Intermediate Skill Development,"{""primary_focus"": ""Expand knowledge and apply skills"", ""suggested_courses"": [""Advanced Techniques"", ""Project-Based Learning""], ""engagement_strategy"": ""Bi-weekly reviews and peer collaboration"", ""resources"": ""Intermediate course package with community access"", ""timeline"": ""4-8 months""}"
STU0077,169.11358713098693,122,99.12044534576046,127,420,0,Foundational Learning Path,"{""primary_focus"": ""Build strong fundamentals"", ""suggested_courses"": [""Introduction to Core Concepts"", ""Basic Skills Workshop""], ""engagement_strategy"": ""Weekly check-ins and progress tracking"", ""resources"": ""Starter course bundle with mentor support"", ""timeline"": ""3-6 months""}"
STU0078,94.77341849317922,52,217.40245596097714,333,985,1,Intermediate Skill Development,"{""primary_focus"": ""Expand knowledge and apply skills"", ""suggested_courses"": [""Advanced Techniques"", ""Project-Based Learning""], ""engagement_strategy"": ""Bi-weekly reviews and peer collaboration"", ""resources"": ""Intermediate course package with community access"", ""timeline"": ""4-8 months""}"
STU0079,170.3135525252526,93,393.24909619290827,284,1984,0,Foundational Learning Path,"{""primary_focus"": ""Build strong fundamentals"", ""suggested_courses"": [""Introduction to Core Concepts"", ""Basic Skills Workshop""], ""engagement_strategy"": ""Weekly check-ins and progress tracking"", ""resources"": ""Starter course bundle with mentor support"", ""timeline"": ""3-6 months""}"
STU0080,7.5281296770565955,121,250.57763929585025,221,710,0,Foundational Learning Path,"{""primary_focus"": ""Build strong fundamentals"", ""suggested_courses"": [""Introduction to Core Concepts"", ""Basic Skills Workshop""], ""engagement_strategy"": ""Weekly check-ins and progress tracking"", ""resources"": ""Starter course bundle with mentor support"", ""timeline"": ""3-6 months""}"
STU0081,106.75026859774897,133,492.9373043194421,234,1504,1,Intermediate Skill Development,"{""primary_focus"": ""Expand knowledge and apply skills"", ""suggested_courses"": [""Advanced Techniques"", ""Project-Based Learning""], ""engagement_strategy"": ""Bi-weekly reviews and peer collaboration"", ""resources"": ""Intermediate course package with community access"", ""timeline"": ""4-8 months""}"
STU0082,253.57733797368803,20,200.83470557021155,29,1018,0,Foundational Learning Path,"{""primary_focus"": ""Build strong fundamentals"", ""suggested_courses"": [""Introduction to Core Concepts"", ""Basic Skills Workshop""], ""engagement_strategy"": ""Weekly check-ins and progress tracking"", ""resources"": ""Starter course bundle with mentor support"", ""timeline"": ""3-6 months""}"
STU0083,1362.1792242995793,73,379.7975839885146,122,1382,1,Intermediate Skill Development,"{""primary_focus"": ""Expand knowledge and apply skills"", ""suggested_courses"": [""Advanced Techniques"", ""Project-Based Learning""], ""engagement_strategy"": ""Bi-weekly reviews and peer collaboration"", ""resources"": ""Intermediate course package with community access"", ""timeline"": ""4-8 months""}"
STU0084,68.2102381162667,26,208.63493550985237,149,1210,0,Foundational Learning Path,"{""primary_focus"": ""Build strong fundamentals"", ""suggested_courses"": [""Introduction to Core Concepts"", ""Basic Skills Workshop""], ""engagement_strategy"": ""Weekly check-ins and progress tracking"", ""resources"": ""Starter course bundle with mentor support"", ""timeline"": ""3-6 months""}"
STU0085,44.13528587161919,97,417.9988259391269,56,251,0,Foundational Learning Path,"{""primary_focus"": ""Build strong fundamentals"", ""suggested_courses"": [""Introduction to Core Concepts"", ""Basic Skills Workshop""], ""engagement_strategy"": ""Weekly check-ins and progress tracking"", ""resources"": ""Starter course bundle with mentor support"", ""timeline"": ""3-6 months""}"
STU0086,69.92088821869363,80,293.1591051995589,10,1509,0,Foundational Learning Path,"{""primary_focus"": ""Build strong fundamentals"", ""suggested_courses"": [""Introduction to Core Concepts"", ""Basic Skills Workshop""], ""engagement_strategy"": ""Weekly check-ins and progress tracking"", ""resources"": ""Starter course bundle with mentor support"", ""timeline"": ""3-6 months""}"
STU0087,585.8730785149133,148,50.48567820320065,99,362,0,Foundational Learning Path,"{""primary_focus"": ""Build strong fundamentals"", ""suggested_courses"": [""Introduction to Core Concepts"", ""Basic Skills Workshop""], ""engagement_strategy"": ""Weekly check-ins and progress tracking"", ""resources"": ""Starter course bundle with mentor support"", ""timeline"": ""3-6 months""}"
STU0088,243.01584925604945,90,37.674496465275865,151,166,1,Intermediate Skill Development,"{""primary_focus"": ""Expand knowledge and apply skills"", ""suggested_courses"": [""Advanced Techniques"", ""Project-Based Learning""], ""engagement_strategy"": ""Bi-weekly reviews and peer collaboration"", ""resources"": ""Intermediate course package with community access"", ""timeline"": ""4-8 months""}"
STU0089,67.04470893266465,33,84.24901702430392,329,1739,0,Foundational Learning Path,"{""primary_focus"": ""Build strong fundamentals"", ""suggested_courses"": [""Introduction to Core Concepts"", ""Basic Skills Workshop""], ""engagement_strategy"": ""Weekly check-ins and progress tracking"", ""resources"": ""Starter course bundle with mentor support"", ""timeline"": ""3-6 months""}"
STU0090,320.5060489527152,73,26.562543116958697,47,986,1,Intermediate Skill Development,"{""primary_focus"": ""Expand knowledge and apply skills"", ""suggested_courses"": [""Advanced Techniques"", ""Project-Based Learning""], ""engagement_strategy"": ""Bi-weekly reviews and peer collaboration"", ""resources"": ""Intermediate course package with community access"", ""timeline"": ""4-8 months""}"
STU0091,171.67726089142997,51,56.17234896918191,302,1876,1,Intermediate Skill Development,"{""primary_focus"": ""Expand knowledge and apply skills"", ""suggested_courses"": [""Advanced Techniques"", ""Project-Based Learning""], ""engagement_strategy"": ""Bi-weekly reviews and peer collaboration"", ""resources"": ""Intermediate course package with community access"", ""timeline"": ""4-8 months""}"
STU0092,634.5826164183401,98,352.0229106410778,148,624,1,Intermediate Skill Development,"{""primary_focus"": ""Expand knowledge and apply skills"", ""suggested_courses"": [""Advanced Techniques"", ""Project-Based Learning""], ""engagement_strategy"": ""Bi-weekly reviews and peer collaboration"", ""resources"": ""Intermediate course package with community access"", ""timeline"": ""4-8 months""}"
STU0093,51.77567058908549,148,276.48621201414227,342,293,2,Advanced Mastery Program,"{""primary_focus"": ""Achieve expertise and specialization"", ""suggested_courses"": [""Expert-Level Certification"", ""Specialization Track""], ""engagement_strategy"": ""Monthly mentorship and leadership opportunities"", ""resources"": ""Premium course suite with exclusive content"", ""timeline"": ""6-12 months""}"
STU0094,90.78615355610219,89,379.95715974558647,268,586,1,Intermediate Skill Development,"{""primary_focus"": ""Expand knowledge and apply skills"", ""suggested_courses"": [""Advanced Techniques"", ""Project-Based Learning""], ""engagement_strategy"": ""Bi-weekly reviews and peer collaboration"", ""resources"": ""Intermediate course package with community access"", ""timeline"": ""4-8 months""}"
STU0095,82.42079489454699,43,458.3195610836686,170,1675,0,Foundational Learning Path,"{""primary_focus"": ""Build strong fundamentals"", ""suggested_courses"": [""Introduction to Core Concepts"", ""Basic Skills Workshop""], ""engagement_strategy"": ""Weekly check-ins and progress tracking"", ""resources"": ""Starter course bundle with mentor support"", ""timeline"": ""3-6 months""}"
STU0096,16.522574176928188,104,300.87177551622653,187,124,0,Foundational Learning Path,"{""primary_focus"": ""Build strong fundamentals"", ""suggested_courses"": [""Introduction to Core Concepts"", ""Basic Skills Workshop""], ""engagement_strategy"": ""Weekly check-ins and progress tracking"", ""resources"": ""Starter course bundle with mentor support"", ""timeline"": ""3-6 months""}"
STU0097,231.40754395671735,37,368.53800515448705,19,1879,0,Foundational Learning Path,"{""primary_focus"": ""Build strong fundamentals"", ""suggested_courses"": [""Introduction to Core Concepts"", ""Basic Skills Workshop""], ""engagement_strategy"": ""Weekly check-ins and progress tracking"", ""resources"": ""Starter course bundle with mentor support"", ""timeline"": ""3-6 months""}"
STU0098,219.55063916852612,105,383.39897698037885,270,435,1,Intermediate Skill Development,"{""primary_focus"": ""Expand knowledge and apply skills"", ""suggested_courses"": [""Advanced Techniques"", ""Project-Based Learning""], ""engagement_strategy"": ""Bi-weekly reviews and peer collaboration"", ""resources"": ""Intermediate course package with community access"", ""timeline"": ""4-8 months""}"
STU0099,149.55589236928927,27,201.3682636523775,147,1976,0,Foundational Learning Path,"{""primary_focus"": ""Build strong fundamentals"", ""suggested_courses"": [""Introduction to Core Concepts"", ""Basic Skills Workshop""], ""engagement_strategy"": ""Weekly check-ins and progress tracking"", ""resources"": ""Starter course bundle with mentor support"", ""timeline"": ""3-6 months""}"
STU0100,104.38847743254094,14,135.7207195182233,181,1283,1,Intermediate Skill Development,"{""primary_focus"": ""Expand knowledge and apply skills"", ""suggested_courses"": [""Advanced Techniques"", ""Project-Based Learning""], ""engagement_strategy"": ""Bi-weekly reviews and peer collaboration"", ""resources"": ""Intermediate course package with community access"", ""timeline"": ""4-8 months""}"
STU0101,17.759913852848833,73,118.42175768313196,22,524,1,Intermediate Skill Development,"{""primary_focus"": ""Expand knowledge and apply skills"", ""suggested_courses"": [""Advanced Techniques"", ""Project-Based Learning""], ""engagement_strategy"": ""Bi-weekly reviews and peer collaboration"", ""resources"": ""Intermediate course package with community access"", ""timeline"": ""4-8 months""}"
STU0102,78.96715573680714,104,140.69237096566326,177,467,0,Foundational Learning Path,"{""primary_focus"": ""Build strong fundamentals"", ""suggested_courses"": [""Introduction to Core Concepts"", ""Basic Skills Workshop""], ""engagement_strategy"": ""Weekly check-ins and progress tracking"", ""resources"": ""Starter course bundle with mentor support"", ""timeline"": ""3-6 months""}"
STU0103,88.75930120818113,38,151.87126257243622,139,396,1,Intermediate Skill Development,"{""primary_focus"": ""Expand knowledge and apply skills"", ""suggested_courses"": [""Advanced Techniques"", ""Project-Based Learning""], ""engagement_strategy"": ""Bi-weekly reviews and peer collaboration"", ""resources"": ""Intermediate course package with community access"", ""timeline"": ""4-8 months""}"
STU0104,44.54875004480662,142,119.46927152386709,93,1602,0,Foundational Learning Path,"{""primary_focus"": ""Build strong fundamentals"", ""suggested_courses"": [""Introduction to Core Concepts"", ""Basic Skills Workshop""], ""engagement_strategy"": ""Weekly check-ins and progress tracking"", ""resources"": ""Starter course bundle with mentor support"", ""timeline"": ""3-6 months""}"
STU0105,116.52099047195406,100,441.54592039001227,330,689,0,Foundational Learning Path,"{""primary_focus"": ""Build strong fundamentals"", ""suggested_courses"": [""Introduction to Core Concepts"", ""Basic Skills Workshop""], ""engagement_strategy"": ""Weekly check-ins and progress tracking"", ""resources"": ""Starter course bundle with mentor support"", ""timeline"": ""3-6 months""}"
STU0106,272.0745977754139,5,383.35958344266976,328,988,1,Intermediate Skill Development,"{""primary_focus"": ""Expand knowledge and apply skills"", ""suggested_courses"": [""Advanced Techniques"", ""Project-Based Learning""], ""engagement_strategy"": ""Bi-weekly reviews and peer collaboration"", ""resources"": ""Intermediate course package with community access"", ""timeline"": ""4-8 months""}"
STU0107,2513.116390461295,73,42.510304539785565,110,1004,1,Intermediate Skill Development,"{""primary_focus"": ""Expand knowledge and apply skills"", ""suggested_courses"": [""Advanced Techniques"", ""Project-Based Learning""], ""engagement_strategy"": ""Bi-weekly reviews and peer collaboration"", ""resources"": ""Intermediate course package with community access"", ""timeline"": ""4-8 months""}"
STU0108,192.8411357750861,8,148.96279137214754,338,925,1,Intermediate Skill Development,"{""primary_focus"": ""Expand knowledge and apply skills"", ""suggested_courses"": [""Advanced Techniques"", ""Project-Based Learning""], ""engagement_strategy"": ""Bi-weekly reviews and peer collaboration"", ""resources"": ""Intermediate course package with community access"", ""timeline"": ""4-8 months""}"
STU0109,218.39941954017723,20,30.648676174544782,282,812,1,Intermediate Skill Development,"{""primary_focus"": ""Expand knowledge and apply skills"", ""suggested_courses"": [""Advanced Techniques"", ""Project-Based Learning""], ""engagement_strategy"": ""Bi-weekly reviews and peer collaboration"", ""resources"": ""Intermediate course package with community access"", ""timeline"": ""4-8 months""}"
STU0110,132.7318763791314,28,259.11928959002864,274,1252,0,Foundational Learning Path,"{""primary_focus"": ""Build strong fundamentals"", ""suggested_courses"": [""Introduction to Core Concepts"", ""Basic Skills Workshop""], ""engagement_strategy"": ""Weekly check-ins and progress tracking"", ""resources"": ""Starter course bundle with mentor support"", ""timeline"": ""3-6 months""}"
STU0111,8.346507409509607,84,248.5811344587268,47,1255,2,Advanced Mastery Program,"{""primary_focus"": ""Achieve expertise and specialization"", ""suggested_courses"": [""Expert-Level Certification"", ""Specialization Track""], ""engagement_strategy"": ""Monthly mentorship and leadership opportunities"", ""resources"": ""Premium course suite with exclusive content"", ""timeline"": ""6-12 months""}"
STU0112,142.6264802617728,6,419.0583152300006,103,713,1,Intermediate Skill Development,"{""primary_focus"": ""Expand knowledge and apply skills"", ""suggested_courses"": [""Advanced Techniques"", ""Project-Based Learning""], ""engagement_strategy"": ""Bi-weekly reviews and peer collaboration"", ""resources"": ""Intermediate course package with community access"", ""timeline"": ""4-8 months""}"
STU0113,162.44594737733112,132,167.73307509010374,104,74,1,Intermediate Skill Development,"{""primary_focus"": ""Expand knowledge and apply skills"", ""suggested_courses"": [""Advanced Techniques"", ""Project-Based Learning""], ""engagement_strategy"": ""Bi-weekly reviews and peer collaboration"", ""resources"": ""Intermediate course package with community access"", ""timeline"": ""4-8 months""}"
STU0114,5972.155334151279,88,411.8651529022699,314,1253,0,Foundational Learning Path,"{""primary_focus"": ""Build strong fundamentals"", ""suggested_courses"": [""Introduction to Core Concepts"", ""Basic Skills Workshop""], ""engagement_strategy"": ""Weekly check-ins and progress tracking"", ""resources"": ""Starter course bundle with mentor support"", ""timeline"": ""3-6 months""}"
STU0115,111.2142535299411,144,484.6274074111151,78,759,1,Intermediate Skill Development,"{""primary_focus"": ""Expand knowledge and apply skills"", ""suggested_courses"": [""Advanced Techniques"", ""Project-Based Learning""], ""engagement_strategy"": ""Bi-weekly reviews and peer collaboration"", ""resources"": ""Intermediate course package with community access"", ""timeline"": ""4-8 months""}"
STU0116,233.29902818458305,128,62.43594721551035,327,1574,0,Foundational Learning Path,"{""primary_focus"": ""Build strong fundamentals"", ""suggested_courses"": [""Introduction to Core Concepts"", ""Basic Skills Workshop""], ""engagement_strategy"": ""Weekly check-ins and progress tracking"", ""resources"": ""Starter course bundle with mentor support"", ""timeline"": ""3-6 months""}"
STU0117,140.88336443126275,37,400.0725629454238,245,1929,0,Foundational Learning Path,"{""primary_focus"": ""Build strong fundamentals"", ""suggested_courses"": [""Introduction to Core Concepts"", ""Basic Skills Workshop""], ""engagement_strategy"": ""Weekly check-ins and progress tracking"", ""resources"": ""Starter course bundle with mentor support"", ""timeline"": ""3-6 months""}"
STU0118,25.712646268328225,105,303.1788306260653,343,1234,2,Advanced Mastery Program,"{""primary_focus"": ""Achieve expertise and specialization"", ""suggested_courses"": [""Expert-Level Certification"", ""Specialization Track""], ""engagement_strategy"": ""Monthly mentorship and leadership opportunities"", ""resources"": ""Premium course suite with exclusive content"", ""timeline"": ""6-12 months""}"
STU0119,824.0524837665371,16,250.42206416886808,146,226,0,Foundational Learning Path,"{""primary_focus"": ""Build strong fundamentals"", ""suggested_courses"": [""Introduction to Core Concepts"", ""Basic Skills Workshop""], ""engagement_strategy"": ""Weekly check-ins and progress tracking"", ""resources"": ""Starter course bundle with mentor support"", ""timeline"": ""3-6 months""}"
STU0120,458.47215033331474,71,221.85717375923605,85,334,2,Advanced Mastery Program,"{""primary_focus"": ""Achieve expertise and specialization"", ""suggested_courses"": [""Expert-Level Certification"", ""Specialization Track""], ""engagement_strategy"": ""Monthly mentorship and leadership opportunities"", ""resources"": ""Premium course suite with exclusive content"", ""timeline"": ""6-12 months""}"
STU0121,486.1649261566064,69,396.6407666932686,44,112,1,Intermediate Skill Development,"{""primary_focus"": ""Expand knowledge and apply skills"", ""suggested_courses"": [""Advanced Techniques"", ""Project-Based Learning""], ""engagement_strategy"": ""Bi-weekly reviews and peer collaboration"", ""resources"": ""Intermediate course package with community access"", ""timeline"": ""4-8 months""}"
STU0122,37.936693798305214,78,326.8934513476363,10,1052,0,Foundational Learning Path,"{""primary_focus"": ""Build strong fundamentals"", ""suggested_courses"": [""Introduction to Core Concepts"", ""Basic Skills Workshop""], ""engagement_strategy"": ""Weekly check-ins and progress tracking"", ""resources"": ""Starter course bundle with mentor support"", ""timeline"": ""3-6 months""}"
STU0123,1217.057654813671,47,406.4214404092937,305,711,1,Intermediate Skill Development,"{""primary_focus"": ""Expand knowledge and apply skills"", ""suggested_courses"": [""Advanced Techniques"", ""Project-Based Learning""], ""engagement_strategy"": ""Bi-weekly reviews and peer collaboration"", ""resources"": ""Intermediate course package with community access"", ""timeline"": ""4-8 months""}"
STU0124,18.123753134798466,48,453.5125081647806,329,715,2,Advanced Mastery Program,"{""primary_focus"": ""Achieve expertise and specialization"", ""suggested_courses"": [""Expert-Level Certification"", ""Specialization Track""], ""engagement_strategy"": ""Monthly mentorship and leadership opportunities"", ""resources"": ""Premium course suite with exclusive content"", ""timeline"": ""6-12 months""}"
STU0125,357.91146118959284,33,316.28658180670016,69,205,1,Intermediate Skill Development,"{""primary_focus"": ""Expand knowledge and apply skills"", ""suggested_courses"": [""Advanced Techniques"", ""Project-Based Learning""], ""engagement_strategy"": ""Bi-weekly reviews and peer collaboration"", ""resources"": ""Intermediate course package with community access"", ""timeline"": ""4-8 months""}"
STU0126,3966.6747915327037,145,490.62210804434136,329,1955,2,Advanced Mastery Program,"{""primary_focus"": ""Achieve expertise and specialization"", ""suggested_courses"": [""Expert-Level Certification"", ""Specialization Track""], ""engagement_strategy"": ""Monthly mentorship and leadership opportunities"", ""resources"": ""Premium course suite with exclusive content"", ""timeline"": ""6-12 months""}"
STU0127,33.58889519872262,16,311.8821677801049,358,1542,1,Intermediate Skill Development,"{""primary_focus"": ""Expand knowledge and apply skills"", ""suggested_courses"": [""Advanced Techniques"", ""Project-Based Learning""], ""engagement_strategy"": ""Bi-weekly reviews and peer collaboration"", ""resources"": ""Intermediate course package with community access"", ""timeline"": ""4-8 months""}"
STU0128,63.46911474422424,99,325.5892743786956,337,1122,1,Intermediate Skill Development,"{""primary_focus"": ""Expand knowledge and apply skills"", ""suggested_courses"": [""Advanced Techniques"", ""Project-Based Learning""], ""engagement_strategy"": ""Bi-weekly reviews and peer collaboration"", ""resources"": ""Intermediate course package with community access"", ""timeline"": ""4-8 months""}"
STU0129,172.34134043468418,50,286.3114921002683,276,1016,2,Advanced Mastery Program,"{""primary_focus"": ""Achieve expertise and specialization"", ""suggested_courses"": [""Expert-Level Certification"", ""Specialization Track""], ""engagement_strategy"": ""Monthly mentorship and leadership opportunities"", ""resources"": ""Premium course suite with exclusive content"", ""timeline"": ""6-12 months""}"
STU0130,69.74087019173231,134,63.681003704638535,238,898,0,Foundational Learning Path,"{""primary_focus"": ""Build strong fundamentals"", ""suggested_courses"": [""Introduction to Core Concepts"", ""Basic Skills Workshop""], ""engagement_strategy"": ""Weekly check-ins and progress tracking"", ""resources"": ""Starter course bundle with mentor support"", ""timeline"": ""3-6 months""}"
STU0131,14.497915107530162,39,368.6705756721096,279,1157,1,Intermediate Skill Development,"{""primary_focus"": ""Expand knowledge and apply skills"", ""suggested_courses"": [""Advanced Techniques"", ""Project-Based Learning""], ""engagement_strategy"": ""Bi-weekly reviews and peer collaboration"", ""resources"": ""Intermediate course package with community access"", ""timeline"": ""4-8 months""}"
STU0132,164.48912559404113,85,282.77422731157355,325,1434,0,Foundational Learning Path,"{""primary_focus"": ""Build strong fundamentals"", ""suggested_courses"": [""Introduction to Core Concepts"", ""Basic Skills Workshop""], ""engagement_strategy"": ""Weekly check-ins and progress tracking"", ""resources"": ""Starter course bundle with mentor support"", ""timeline"": ""3-6 months""}"
STU0133,30.16084106166298,94,236.43701475973012,295,738,2,Advanced Mastery Program,"{""primary_focus"": ""Achieve expertise and specialization"", ""suggested_courses"": [""Expert-Level Certification"", ""Specialization Track""], ""engagement_strategy"": ""Monthly mentorship and leadership opportunities"", ""resources"": ""Premium course suite with exclusive content"", ""timeline"": ""6-12 months""}"
STU0134,301.988412052851,12,457.02621363357105,300,197,2,Advanced Mastery Program,"{""primary_focus"": ""Achieve expertise and specialization"", ""suggested_courses"": [""Expert-Level Certification"", ""Specialization Track""], ""engagement_strategy"": ""Monthly mentorship and leadership opportunities"", ""resources"": ""Premium course suite with exclusive content"", ""timeline"": ""6-12 months""}"
STU0135,37.36982829092109,97,163.02053674013624,222,1703,0,Foundational Learning Path,"{""primary_focus"": ""Build strong fundamentals"", ""suggested_courses"": [""Introduction to Core Concepts"", ""Basic Skills Workshop""], ""engagement_strategy"": ""Weekly check-ins and progress tracking"", ""resources"": ""Starter course bundle with mentor support"", ""timeline"": ""3-6 months""}"
STU0136,1517.6245684818614,94,271.32909248720534,174,391,1,Intermediate Skill Development,"{""primary_focus"": ""Expand knowledge and apply skills"", ""suggested_courses"": [""Advanced Techniques"", ""Project-Based Learning""], ""engagement_strategy"": ""Bi-weekly reviews and peer collaboration"", ""resources"": ""Intermediate course package with community access"", ""timeline"": ""4-8 months""}"
STU0137,45.8383034512427,119,354.8680983168624,14,525,2,Advanced Mastery Program,"{""primary_focus"": ""Achieve expertise and specialization"", ""suggested_courses"": [""Expert-Level Certification"", ""Specialization Track""], ""engagement_strategy"": ""Monthly mentorship and leadership opportunities"", ""resources"": ""Premium course suite with exclusive content"", ""timeline"": ""6-12 months""}"
STU0138,91.55205573905226,109,402.3064523234611,348,1136,0,Foundational Learning Path,"{""primary_focus"": ""Build strong fundamentals"", ""suggested_courses"": [""Introduction to Core Concepts"", ""Basic Skills Workshop""], ""engagement_strategy"": ""Weekly check-ins and progress tracking"", ""resources"": ""Starter course bundle with mentor support"", ""timeline"": ""3-6 months""}"
STU0139,502.8419097939063,139,240.48646781416278,87,1774,1,Intermediate Skill Development,"{""primary_focus"": ""Expand knowledge and apply skills"", ""suggested_courses"": [""Advanced Techniques"", ""Project-Based Learning""], ""engagement_strategy"": ""Bi-weekly reviews and peer collaboration"", ""resources"": ""Intermediate course package with community access"", ""timeline"": ""4-8 months""}"
STU0140,23.4226505253172,62,424.20387920898065,71,1433,2,Advanced Mastery Program,"{""primary_focus"": ""Achieve expertise and specialization"", ""suggested_courses"": [""Expert-Level Certification"", ""Specialization Track""], ""engagement_strategy"": ""Monthly mentorship and leadership opportunities"", ""resources"": ""Premium course suite with exclusive content"", ""timeline"": ""6-12 months""}"
STU0141,208.76096763218627,118,389.0805158313908,141,610,0,Foundational Learning Path,"{""primary_focus"": ""Build strong fundamentals"", ""suggested_courses"": [""Introduction to Core Concepts"", ""Basic Skills Workshop""], ""engagement_strategy"": ""Weekly check-ins and progress tracking"", ""resources"": ""Starter course bundle with mentor support"", ""timeline"": ""3-6 months""}"
STU0142,1054.386258806481,79,51.79326936889561,98,376,1,Intermediate Skill Development,"{""primary_focus"": ""Expand knowledge and apply skills"", ""suggested_courses"": [""Advanced Techniques"", ""Project-Based Learning""], ""engagement_strategy"": ""Bi-weekly reviews and peer collaboration"", ""resources"": ""Intermediate course package with community access"", ""timeline"": ""4-8 months""}"
STU0143,13.313454602890197,124,42.013407874223816,246,1842,0,Foundational Learning Path,"{""primary_focus"": ""Build strong fundamentals"", ""suggested_courses"": [""Introduction to Core Concepts"", ""Basic Skills Workshop""], ""engagement_strategy"": ""Weekly check-ins and progress tracking"", ""resources"": ""Starter course bundle with mentor support"", ""timeline"": ""3-6 months""}"
STU0144,195.7720138983071,25,317.9867285226038,51,1809,2,Advanced Mastery Program,"{""primary_focus"": ""Achieve expertise and specialization"", ""suggested_courses"": [""Expert-Level Certification"", ""Specialization Track""], ""engagement_strategy"": ""Monthly mentorship and leadership opportunities"", ""resources"": ""Premium course suite with exclusive content"", ""timeline"": ""6-12 months""}"
STU0145,219.16485109507096,142,186.75843594819884,98,1214,2,Advanced Mastery Program,"{""primary_focus"": ""Achieve expertise and specialization"", ""suggested_courses"": [""Expert-Level Certification"", ""Specialization Track""], ""engagement_strategy"": ""Monthly mentorship and leadership opportunities"", ""resources"": ""Premium course suite with exclusive content"", ""timeline"": ""6-12 months""}"
STU0146,479.4954032197496,105,120.3827797176868,305,1039,2,Advanced Mastery Program,"{""primary_focus"": ""Achieve expertise and specialization"", ""suggested_courses"": [""Expert-Level Certification"", ""Specialization Track""], ""engagement_strategy"": ""Monthly mentorship and leadership opportunities"", ""resources"": ""Premium course suite with exclusive content"", ""timeline"": ""6-12 months""}"
STU0147,23.20978445893432,103,298.2319685464344,337,264,1,Intermediate Skill Development,"{""primary_focus"": ""Expand knowledge and apply skills"", ""suggested_courses"": [""Advanced Techniques"", ""Project-Based Learning""], ""engagement_strategy"": ""Bi-weekly reviews and peer collaboration"", ""resources"": ""Intermediate course package with community access"", ""timeline"": ""4-8 months""}"
STU0148,20.477261601635785,40,183.9503410191416,304,484,2,Advanced Mastery Program,"{""primary_focus"": ""Achieve expertise and specialization"", ""suggested_courses"": [""Expert-Level Certification"", ""Specialization Track""], ""engagement_strategy"": ""Monthly mentorship and leadership opportunities"", ""resources"": ""Premium course suite with exclusive content"", ""timeline"": ""6-12 months""}"
STU0149,324.70346434556376,100,277.8864400227536,113,1964,2,Advanced Mastery Program,"{""primary_focus"": ""Achieve expertise and specialization"", ""suggested_courses"": [""Expert-Level Certification"", ""Specialization Track""], ""engagement_strategy"": ""Monthly mentorship and leadership opportunities"", ""resources"": ""Premium course suite with exclusive content"", ""timeline"": ""6-12 months""}"
STU0150,231.7077802485561,41,240.85719631211458,23,1001,0,Foundational Learning Path,"{""primary_focus"": ""Build strong fundamentals"", ""suggested_courses"": [""Introduction to Core Concepts"", ""Basic Skills Workshop""], ""engagement_strategy"": ""Weekly check-ins and progress tracking"", ""resources"": ""Starter course bundle with mentor support"", ""timeline"": ""3-6 months""}"
STU0151,216.0995703949182,16,300.68773085559377,297,772,2,Advanced Mastery Program,"{""primary_focus"": ""Achieve expertise and specialization"", ""suggested_courses"": [""Expert-Level Certification"", ""Specialization Track""], ""engagement_strategy"": ""Monthly mentorship and leadership opportunities"", ""resources"": ""Premium course suite with exclusive content"", ""timeline"": ""6-12 months""}"
STU0152,249.5532487453594,117,212.14423467693504,188,1391,0,Foundational Learning Path,"{""primary_focus"": ""Build strong fundamentals"", ""suggested_courses"": [""Introduction to Core Concepts"", ""Basic Skills Workshop""], ""engagement_strategy"": ""Weekly check-ins and progress tracking"", ""resources"": ""Starter course bundle with mentor support"", ""timeline"": ""3-6 months""}"
STU0153,53.51504972594303,17,354.8804353745272,134,81,1,Intermediate Skill Development,"{""primary_focus"": ""Expand knowledge and apply skills"", ""suggested_courses"": [""Advanced Techniques"", ""Project-Based Learning""], ""engagement_strategy"": ""Bi-weekly reviews and peer collaboration"", ""resources"": ""Intermediate course package with community access"", ""timeline"": ""4-8 months""}"
STU0154,210.26750338683723,27,106.4322907276633,362,719,0,Foundational Learning Path,"{""primary_focus"": ""Build strong fundamentals"", ""suggested_courses"": [""Introduction to Core Concepts"", ""Basic Skills Workshop""], ""engagement_strategy"": ""Weekly check-ins and progress tracking"", ""resources"": ""Starter course bundle with mentor support"", ""timeline"": ""3-6 months""}"
STU0155,230.35203136565704,103,354.3207037889979,32,334,0,Foundational Learning Path,"{""primary_focus"": ""Build strong fundamentals"", ""suggested_courses"": [""Introduction to Core Concepts"", ""Basic Skills Workshop""], ""engagement_strategy"": ""Weekly check-ins and progress tracking"", ""resources"": ""Starter course bundle with mentor support"", ""timeline"": ""3-6 months""}"
STU0156,50.82929557740934,109,217.5973828916135,72,1378,0,Foundational Learning Path,"{""primary_focus"": ""Build strong fundamentals"", ""suggested_courses"": [""Introduction to Core Concepts"", ""Basic Skills Workshop""], ""engagement_strategy"": ""Weekly check-ins and progress tracking"", ""resources"": ""Starter course bundle with mentor support"", ""timeline"": ""3-6 months""}"
STU0157,2437.3380672516655,34,439.6724503301202,152,478,1,Intermediate Skill Development,"{""primary_focus"": ""Expand knowledge and apply skills"", ""suggested_courses"": [""Advanced Techniques"", ""Project-Based Learning""], ""engagement_strategy"": ""Bi-weekly reviews and peer collaboration"", ""resources"": ""Intermediate course package with community access"", ""timeline"": ""4-8 months""}"
STU0158,302.0973696192155,21,267.3133063348212,162,1550,0,Foundational Learning Path,"{""primary_focus"": ""Build strong fundamentals"", ""suggested_courses"": [""Introduction to Core Concepts"", ""Basic Skills Workshop""], ""engagement_strategy"": ""Weekly check-ins and progress tracking"", ""resources"": ""Starter course bundle with mentor support"", ""timeline"": ""3-6 months""}"
STU0159,24.854647425611315,117,487.09296764965006,154,335,1,Intermediate Skill Development,"{""primary_focus"": ""Expand knowledge and apply skills"", ""suggested_courses"": [""Advanced Techniques"", ""Project-Based Learning""], ""engagement_strategy"": ""Bi-weekly reviews and peer collaboration"", ""resources"": ""Intermediate course package with community access"", ""timeline"": ""4-8 months""}"
STU0160,397.35512925123186,66,308.9289898596609,234,1217,0,Foundational Learning Path,"{""primary_focus"": ""Build strong fundamentals"", ""suggested_courses"": [""Introduction to Core Concepts"", ""Basic Skills Workshop""], ""engagement_strategy"": ""Weekly check-ins and progress tracking"", ""resources"": ""Starter course bundle with mentor support"", ""timeline"": ""3-6 months""}"
STU0161,34.397280109152405,88,127.44755163503388,318,1497,0,Foundational Learning Path,"{""primary_focus"": ""Build strong fundamentals"", ""suggested_courses"": [""Introduction to Core Concepts"", ""Basic Skills Workshop""], ""engagement_strategy"": ""Weekly check-ins and progress tracking"", ""resources"": ""Starter course bundle with mentor support"", ""timeline"": ""3-6 months""}"
STU0162,483.2948416519121,116,414.4595056853356,113,1092,1,Intermediate Skill Development,"{""primary_focus"": ""Expand knowledge and apply skills"", ""suggested_courses"": [""Advanced Techniques"", ""Project-Based Learning""], ""engagement_strategy"": ""Bi-weekly reviews and peer collaboration"", ""resources"": ""Intermediate course package with community access"", ""timeline"": ""4-8 months""}"
STU0163,843.7813259176885,90,185.63966135474564,113,67,1,Intermediate Skill Development,"{""primary_focus"": ""Expand knowledge and apply skills"", ""suggested_courses"": [""Advanced Techniques"", ""Project-Based Learning""], ""engagement_strategy"": ""Bi-weekly reviews and peer collaboration"", ""resources"": ""Intermediate course package with community access"", ""timeline"": ""4-8 months""}"
STU0164,43.335689027042996,145,186.85722295168807,48,818,0,Foundational Learning Path,"{""primary_focus"": ""Build strong fundamentals"", ""suggested_courses"": [""Introduction to Core Concepts"", ""Basic Skills Workshop""], ""engagement_strategy"": ""Weekly check-ins and progress tracking"", ""resources"": ""Starter course bundle with mentor support"", ""timeline"": ""3-6 months""}"
STU0165,629.5870912945022,23,35.26624711287926,207,639,1,Intermediate Skill Development,"{""primary_focus"": ""Expand knowledge and apply skills"", ""suggested_courses"": [""Advanced Techniques"", ""Project-Based Learning""], ""engagement_strategy"": ""Bi-weekly reviews and peer collaboration"", ""resources"": ""Intermediate course package with community access"", ""timeline"": ""4-8 months""}"
STU0166,275.6608733304298,104,283.3833484195561,143,1444,2,Advanced Mastery Program,"{""primary_focus"": ""Achieve expertise and specialization"", ""suggested_courses"": [""Expert-Level Certification"", ""Specialization Track""], ""engagement_strategy"": ""Monthly mentorship and leadership opportunities"", ""resources"": ""Premium course suite with exclusive content"", ""timeline"": ""6-12 months""}"
STU0167,509.326996722818,144,276.52328179161105,76,1248,1,Intermediate Skill Development,"{""primary_focus"": ""Expand knowledge and apply skills"", ""suggested_courses"": [""Advanced Techniques"", ""Project-Based Learning""], ""engagement_strategy"": ""Bi-weekly reviews and peer collaboration"", ""resources"": ""Intermediate course package with community access"", ""timeline"": ""4-8 months""}"
STU0168,2553.421424634316,80,190.87591245055333,188,1059,0,Foundational Learning Path,"{""primary_focus"": ""Build strong fundamentals"", ""suggested_courses"": [""Introduction to Core Concepts"", ""Basic Skills Workshop""], ""engagement_strategy"": ""Weekly check-ins and progress tracking"", ""resources"": ""Starter course bundle with mentor support"", ""timeline"": ""3-6 months""}"
STU0169,102.71085689440935,13,449.2242861900444,51,243,0,Foundational Learning Path,"{""primary_focus"": ""Build strong fundamentals"", ""suggested_courses"": [""Introduction to Core Concepts"", ""Basic Skills Workshop""], ""engagement_strategy"": ""Weekly check-ins and progress tracking"", ""resources"": ""Starter course bundle with mentor support"", ""timeline"": ""3-6 months""}"
STU0170,47.91342581054375,32,81.79923118382908,24,551,2,Advanced Mastery Program,"{""primary_focus"": ""Achieve expertise and specialization"", ""suggested_courses"": [""Expert-Level Certification"", ""Specialization Track""], ""engagement_strategy"": ""Monthly mentorship and leadership opportunities"", ""resources"": ""Premium course suite with exclusive content"", ""timeline"": ""6-12 months""}"
STU0171,39.08459327928422,132,178.44776638887458,120,1037,0,Foundational Learning Path,"{""primary_focus"": ""Build strong fundamentals"", ""suggested_courses"": [""Introduction to Core Concepts"", ""Basic Skills Workshop""], ""engagement_strategy"": ""Weekly check-ins and progress tracking"", ""resources"": ""Starter course bundle with mentor support"", ""timeline"": ""3-6 months""}"
STU0172,43.65354846434686,56,174.35972704641392,166,1186,2,Advanced Mastery Program,"{""primary_focus"": ""Achieve expertise and specialization"", ""suggested_courses"": [""Expert-Level Certification"", ""Specialization Track""], ""engagement_strategy"": ""Monthly mentorship and leadership opportunities"", ""resources"": ""Premium course suite with exclusive content"", ""timeline"": ""6-12 months""}"
STU0173,132.20416548420198,87,64.29948138979812,298,163,1,Intermediate Skill Development,"{""primary_focus"": ""Expand knowledge and apply skills"", ""suggested_courses"": [""Advanced Techniques"", ""Project-Based Learning""], ""engagement_strategy"": ""Bi-weekly reviews and peer collaboration"", ""resources"": ""Intermediate course package with community access"", ""timeline"": ""4-8 months""}"
STU0174,247.578564070196,115,250.94978914702074,240,1295,2,Advanced Mastery Program,"{""primary_focus"": ""Achieve expertise and specialization"", ""suggested_courses"": [""Expert-Level Certification"", ""Specialization Track""], ""engagement_strategy"": ""Monthly mentorship and leadership opportunities"", ""resources"": ""Premium course suite with exclusive content"", ""timeline"": ""6-12 months""}"
STU0175,224.7606816421553,148,350.13666420611986,166,1751,1,Intermediate Skill Development,"{""primary_focus"": ""Expand knowledge and apply skills"", ""suggested_courses"": [""Advanced Techniques"", ""Project-Based Learning""], ""engagement_strategy"": ""Bi-weekly reviews and peer collaboration"", ""resources"": ""Intermediate course package with community access"", ""timeline"": ""4-8 months""}"
STU0176,513.256065447265,121,265.59536650268535,47,996,2,Advanced Mastery Program,"{""primary_focus"": ""Achieve expertise and specialization"", ""suggested_courses"": [""Expert-Level Certification"", ""Specialization Track""], ""engagement_strategy"": ""Monthly mentorship and leadership opportunities"", ""resources"": ""Premium course suite with exclusive content"", ""timeline"": ""6-12 months""}"
STU0177,151.33604652878978,73,95.34928770377299,106,880,0,Foundational Learning Path,"{""primary_focus"": ""Build strong fundamentals"", ""suggested_courses"": [""Introduction to Core Concepts"", ""Basic Skills Workshop""], ""engagement_strategy"": ""Weekly check-ins and progress tracking"", ""resources"": ""Starter course bundle with mentor support"", ""timeline"": ""3-6 months""}"
STU0178,1313.3036551092327,103,201.09726331619484,298,1717,1,Intermediate Skill Development,"{""primary_focus"": ""Expand knowledge and apply skills"", ""suggested_courses"": [""Advanced Techniques"", ""Project-Based Learning""], ""engagement_strategy"": ""Bi-weekly reviews and peer collaboration"", ""resources"": ""Intermediate course package with community access"", ""timeline"": ""4-8 months""}"
STU0179,99.78468854387232,144,21.24561170415035,263,1970,1,Intermediate Skill Development,"{""primary_focus"": ""Expand knowledge and apply skills"", ""suggested_courses"": [""Advanced Techniques"", ""Project-Based Learning""], ""engagement_strategy"": ""Bi-weekly reviews and peer collaboration"", ""resources"": ""Intermediate course package with community access"", ""timeline"": ""4-8 months""}"
STU0180,8780.19371751824,29,436.7845313770817,205,1337,1,Intermediate Skill Development,"{""primary_focus"": ""Expand knowledge and apply skills"", ""suggested_courses"": [""Advanced Techniques"", ""Project-Based Learning""], ""engagement_strategy"": ""Bi-weekly reviews and peer collaboration"", ""resources"": ""Intermediate course package with community access"", ""timeline"": ""4-8 months""}"
STU0181,379.3658419349666,127,60.56816368672733,95,974,1,Intermediate Skill Development,"{""primary_focus"": ""Expand knowledge and apply skills"", ""suggested_courses"": [""Advanced Techniques"", ""Project-Based Learning""], ""engagement_strategy"": ""Bi-weekly reviews and peer collaboration"", ""resources"": ""Intermediate course package with community access"", ""timeline"": ""4-8 months""}"
STU0182,41.02836535311165,57,306.6934794826067,331,104,2,Advanced Mastery Program,"{""primary_focus"": ""Achieve expertise and specialization"", ""suggested_courses"": [""Expert-Level Certification"", ""Specialization Track""], ""engagement_strategy"": ""Monthly mentorship and leadership opportunities"", ""resources"": ""Premium course suite with exclusive content"", ""timeline"": ""6-12 months""}"
STU0183,29.77476589995425,148,493.40335801607125,19,1944,2,Advanced Mastery Program,"{""primary_focus"": ""Achieve expertise and specialization"", ""suggested_courses"": [""Expert-Level Certification"", ""Specialization Track""], ""engagement_strategy"": ""Monthly mentorship and leadership opportunities"", ""resources"": ""Premium course suite with exclusive content"", ""timeline"": ""6-12 months""}"
STU0184,306.0377997336742,61,277.5635100739196,14,1716,1,Intermediate Skill Development,"{""primary_focus"": ""Expand knowledge and apply skills"", ""suggested_courses"": [""Advanced Techniques"", ""Project-Based Learning""], ""engagement_strategy"": ""Bi-weekly reviews and peer collaboration"", ""resources"": ""Intermediate course package with community access"", ""timeline"": ""4-8 months""}"
STU0185,106.1449722035215,43,463.5400443715679,132,849,1,Intermediate Skill Development,"{""primary_focus"": ""Expand knowledge and apply skills"", ""suggested_courses"": [""Advanced Techniques"", ""Project-Based Learning""], ""engagement_strategy"": ""Bi-weekly reviews and peer collaboration"", ""resources"": ""Intermediate course package with community access"", ""timeline"": ""4-8 months""}"
STU0186,433.1138996656332,113,133.33593589635407,339,827,1,Intermediate Skill Development,"{""primary_focus"": ""Expand knowledge and apply skills"", ""suggested_courses"": [""Advanced Techniques"", ""Project-Based Learning""], ""engagement_strategy"": ""Bi-weekly reviews and peer collaboration"", ""resources"": ""Intermediate course package with community access"", ""timeline"": ""4-8 months""}"
STU0187,301.8277338351372,46,384.7785962900411,362,1531,1,Intermediate Skill Development,"{""primary_focus"": ""Expand knowledge and apply skills"", ""suggested_courses"": [""Advanced Techniques"", ""Project-Based Learning""], ""engagement_strategy"": ""Bi-weekly reviews and peer collaboration"", ""resources"": ""Intermediate course package with community access"", ""timeline"": ""4-8 months""}"
STU0188,133.05420891585277,146,275.00756190729635,127,1951,0,Foundational Learning Path,"{""primary_focus"": ""Build strong fundamentals"", ""suggested_courses"": [""Introduction to Core Concepts"", ""Basic Skills Workshop""], ""engagement_strategy"": ""Weekly check-ins and progress tracking"", ""resources"": ""Starter course bundle with mentor support"", ""timeline"": ""3-6 months""}"
STU0189,41.67116583719299,126,365.84770946790314,303,211,0,Foundational Learning Path,"{""primary_focus"": ""Build strong fundamentals"", ""suggested_courses"": [""Introduction to Core Concepts"", ""Basic Skills Workshop""], ""engagement_strategy"": ""Weekly check-ins and progress tracking"", ""resources"": ""Starter course bundle with mentor support"", ""timeline"": ""3-6 months""}"
STU0190,15.298108035951723,137,49.923854005395896,168,1453,0,Foundational Learning Path,"{""primary_focus"": ""Build strong fundamentals"", ""suggested_courses"": [""Introduction to Core Concepts"", ""Basic Skills Workshop""], ""engagement_strategy"": ""Weekly check-ins and progress tracking"", ""resources"": ""Starter course bundle with mentor support"", ""timeline"": ""3-6 months""}"
STU0191,75.96157132142298,79,90.91476411498881,312,136,0,Foundational Learning Path,"{""primary_focus"": ""Build strong fundamentals"", ""suggested_courses"": [""Introduction to Core Concepts"", ""Basic Skills Workshop""], ""engagement_strategy"": ""Weekly check-ins and progress tracking"", ""resources"": ""Starter course bundle with mentor support"", ""timeline"": ""3-6 months""}"
STU0192,536.2487780179415,80,83.89612572198956,237,104,0,Foundational Learning Path,"{""primary_focus"": ""Build strong fundamentals"", ""suggested_courses"": [""Introduction to Core Concepts"", ""Basic Skills Workshop""], ""engagement_strategy"": ""Weekly check-ins and progress tracking"", ""resources"": ""Starter course bundle with mentor support"", ""timeline"": ""3-6 months""}"
STU0193,204.61713856164968,13,349.8394425935989,225,1549,0,Foundational Learning Path,"{""primary_focus"": ""Build strong fundamentals"", ""suggested_courses"": [""Introduction to Core Concepts"", ""Basic Skills Workshop""], ""engagement_strategy"": ""Weekly check-ins and progress tracking"", ""resources"": ""Starter course bundle with mentor support"", ""timeline"": ""3-6 months""}"
STU0194,22.905838443555176,78,425.3315228641418,193,1873,0,Foundational Learning Path,"{""primary_focus"": ""Build strong fundamentals"", ""suggested_courses"": [""Introduction to Core Concepts"", ""Basic Skills Workshop""], ""engagement_strategy"": ""Weekly check-ins and progress tracking"", ""resources"": ""Starter course bundle with mentor support"", ""timeline"": ""3-6 months""}"
STU0195,192.43749289752728,149,379.81579136412194,24,1251,0,Foundational Learning Path,"{""primary_focus"": ""Build strong fundamentals"", ""suggested_courses"": [""Introduction to Core Concepts"", ""Basic Skills Workshop""], ""engagement_strategy"": ""Weekly check-ins and progress tracking"", ""resources"": ""Starter course bundle with mentor support"", ""timeline"": ""3-6 months""}"
STU0196,264.5356618428818,11,34.62663331212519,166,1464,2,Advanced Mastery Program,"{""primary_focus"": ""Achieve expertise and specialization"", ""suggested_courses"": [""Expert-Level Certification"", ""Specialization Track""], ""engagement_strategy"": ""Monthly mentorship and leadership opportunities"", ""resources"": ""Premium course suite with exclusive content"", ""timeline"": ""6-12 months""}"
STU0197,39.417656313118144,145,436.2631909158672,145,1422,1,Intermediate Skill Development,"{""primary_focus"": ""Expand knowledge and apply skills"", ""suggested_courses"": [""Advanced Techniques"", ""Project-Based Learning""], ""engagement_strategy"": ""Bi-weekly reviews and peer collaboration"", ""resources"": ""Intermediate course package with community access"", ""timeline"": ""4-8 months""}"
STU0198,186.9026062371425,141,189.99040198070023,270,1081,0,Foundational Learning Path,"{""primary_focus"": ""Build strong fundamentals"", ""suggested_courses"": [""Introduction to Core Concepts"", ""Basic Skills Workshop""], ""engagement_strategy"": ""Weekly check-ins and progress tracking"", ""resources"": ""Starter course bundle with mentor support"", ""timeline"": ""3-6 months""}"
STU0199,161.95411877314083,31,210.6386396019596,166,882,1,Intermediate Skill Development,"{""primary_focus"": ""Expand knowledge and apply skills"", ""suggested_courses"": [""Advanced Techniques"", ""Project-Based Learning""], ""engagement_strategy"": ""Bi-weekly reviews and peer collaboration"", ""resources"": ""Intermediate course package with community access"", ""timeline"": ""4-8 months""}"
STU0200,26.723532740044853,126,70.33719993559083,56,362,0,Foundational Learning Path,"{""primary_focus"": ""Build strong fundamentals"", ""suggested_courses"": [""Introduction to Core Concepts"", ""Basic Skills Workshop""], ""engagement_strategy"": ""Weekly check-ins and progress tracking"", ""resources"": ""Starter course bundle with mentor support"", ""timeline"": ""3-6 months""}"
